coupon_I,email_I,social_I,display_I,post_I,circular_I,coupon_S,email_S,social_S,display_S,post_S,circular_S,DATE,revenue
183809663.0,89808870.8888889,5945479.0,12600000.0,960311131.0,1202640.0,447628.45,379813.80027777783,30000.0,0.0,108489.42,26955.29,2019-10-05,89774827.92
183809663.0,89808870.8888889,5945479.0,12600000.0,1499677155.0,1202640.0,447628.45,379813.80027777783,30000.0,0.0,657371.26,26955.29,2019-10-12,111919125.1
205679120.0,89808870.8888889,14945163.0,12600000.0,1652077155.0,1202640.0,558250.87,379813.80027777783,82633.08,0.0,664560.05,26955.29,2019-10-19,110607594.5
214955960.0,456667.0,17167385.0,12600000.0,1658077155.0,1202640.0,553719.14,14500.0,94919.86,0.0,705420.97,26955.29,2019-10-26,108674181.9
833886179.0,16856395.0,17167385.0,12600000.0,3142603166.0,35202640.0,3023477.68,894500.0,94919.86,0.0,2683025.76,26955.29,2019-11-02,359516408.6
650226824.0,29656395.0,8167701.0,2045858988.767983,1707103166.0,35000000.0,2595977.68,894500.0,42286.78,379813.80027777783,2295084.81,8000.0,2019-11-09,290501832.3
651147309.0,29656395.0,2222222.0,62440000.0,1671663888.0,34000000.0,2604232.76,894500.0,12286.78,1263.9,2246199.05,0.0,2019-11-16,307294453.8
643986779.0,30755062.0,41556248.0,62440000.0,2194606982.0,34000000.0,2604409.71,924500.14,197149.6,1263.9,2793359.79,0.0,2019-11-23,350852271.1
643986779.0,30755062.0,41556248.0,62440000.0,2194606982.0,34000000.0,2604409.71,924500.14,197149.6,1263.9,2793359.79,0.0,2019-11-30,484910484.0
643986779.0,30755062.0,41556248.0,62440000.0,2208000941.0,34000000.0,2604409.71,924500.14,197149.6,1263.9,2844502.33,0.0,2019-12-07,293759476.5
653057268.0,30755062.0,45476040.0,62440000.0,2202000941.0,34000000.0,2611006.76,924500.14,219862.82,1263.9,2803641.41,0.0,2019-12-14,329400435.9
653895333.0,30755062.0,45476040.0,62440000.0,2202000941.0,34000000.0,2629919.44,924500.14,219862.82,1263.9,2803641.41,0.0,2019-12-21,396109460.2
653895333.0,30298395.0,43778470.0,62440000.0,2136750941.0,34000000.0,2629919.44,910000.14,204862.82,1263.9,2801452.62,0.0,2019-12-28,542231939.3
644167614.0,37048395.0,41556248.0,71440000.0,3720572533.0,44000000.0,2622692.39,1315000.14,197149.6,1263.9,3340568.67,15000.0,2020-01-04,587748545.4
40183052.0,9919802.0,1402444.0,71440000.0,2521804380.0,10000000.0,264283.65,484599.92,12500.0,1263.9,754746.59,15000.0,2020-01-11,228689679.9
46198455.0,9919802.0,1402444.0,71440000.0,2583496392.0,10000000.0,292725.29,484599.92,12500.0,1263.9,808789.05,15000.0,2020-01-18,236255040.4
45360390.0,9919802.0,1402444.0,71440000.0,2583496392.0,10000000.0,273812.61,484599.92,12500.0,1263.9,808789.05,15000.0,2020-01-25,227015404.3
45857389.0,10157135.0,1402444.0,71440000.0,2610918620.0,10000000.0,300026.68,494599.92,12500.0,1263.9,897935.8,15000.0,2020-02-01,236663669.6
47179643.0,8067960.0,1504626.0,265000000.0,1225510000000.0,266000000.0,292984.39,439999.93,15000.0,0.0,872946.97,15000.0,2020-02-08,1559306280.0
87179643.0,8376776.0,1504626.0,265000000.0,1223690000000.0,257000000.0,604152.55,194999.93,15000.0,0.0,670705.48,15000.0,2020-02-15,1270023037.0
87530462.0,8376776.0,1504626.0,256000000.0,1223640000000.0,257000000.0,619152.55,194999.93,15000.0,0.0,666807.02,15000.0,2020-02-22,1212545371.0
86279291.0,8376776.0,5432354.0,256000000.0,1223660000000.0,257000000.0,609753.34,194999.93,40000.0,0.0,686166.68,15000.0,2020-02-29,1285519742.0
74158501.0,7058816.0,3927728.0,256000000.0,1223630000000.0,257000000.0,517646.68,160000.0,25000.0,0.0,718115.58,0.0,2020-03-07,1509523237.0
21941516.0,89808870.8888889,3927728.0,256000000.0,1223110000000.0,257000000.0,130779.82,379813.80027777783,25000.0,0.0,215088.91,0.0,2020-03-14,1590402671.0
5567532.0,89808870.8888889,3927728.0,256000000.0,1223020000000.0,257000000.0,53779.82,379813.80027777783,25000.0,0.0,210088.91,0.0,2020-03-21,3203060583.0
5100714.0,89808870.8888889,3927728.0,256000000.0,1222990000000.0,257000000.0,22565.75,379813.80027777783,25000.0,0.0,162924.82,0.0,2020-03-28,2098484692.0
89808870.8888889,89808870.8888889,1727728.0,256000000.0,1222960000000.0,257000000.0,379813.80027777783,379813.80027777783,15000.0,0.0,127958.7,0.0,2020-04-04,1661971779.0
89808870.8888889,89808870.8888889,89808870.8888889,256000000.0,1222960000000.0,257000000.0,379813.80027777783,379813.80027777783,762687.0638605291,0.0,127958.7,0.0,2020-04-11,1727257487.0
89808870.8888889,89808870.8888889,89808870.8888889,256000000.0,1222960000000.0,257000000.0,379813.80027777783,379813.80027777783,614514.4880150524,0.0,127958.7,0.0,2020-04-18,1556590438.0
89808870.8888889,89808870.8888889,89808870.8888889,256000000.0,1222960000000.0,257000000.0,379813.80027777783,379813.80027777783,1925488.3127993937,0.0,127958.7,0.0,2020-04-25,1515912793.0
89808870.8888889,31356850.0,89808870.8888889,281000000.0,1223120000000.0,663875000.0,379813.80027777783,375000.0,499787.194984633,0.0,893342.2,625000.0,2020-05-02,1573277381.0
89808870.8888889,31356850.0,89808870.8888889,281000000.0,1223120000000.0,663875000.0,769511.8445968647,375000.0,1138497.739332064,0.0,893342.2,625000.0,2020-05-09,1675247329.0
89808870.8888889,31356850.0,196230745.01361126,25000000.0,209434378.0,407875000.0,379813.80027777783,375000.0,968137.330901783,0.0,893342.2,625000.0,2020-05-16,147657207.4
848573033.0,31356850.0,89808870.8888889,12030000000.0,209434378.0,407875000.0,12314557.5,375000.0,379813.80027777783,21070000.0,893342.2,625000.0,2020-05-23,1290124935.0
848573033.0,31356850.0,89808870.8888889,12030000000.0,209434378.0,407875000.0,12314557.5,375000.0,379813.80027777783,21070000.0,893342.2,625000.0,2020-05-30,1312376299.0
848573033.0,31356850.0,4964080.0,12030000000.0,209434378.0,424650000.0,12314557.5,375000.0,5000.0,21070000.0,893342.2,650000.0,2020-06-06,1316554838.0
848573033.0,32455674.0,8519635.0,12030000000.0,242034378.0,424650000.0,12314557.5,401000.0,37000.0,21070000.0,953342.2,650000.0,2020-06-13,1368979915.0
856784075.0,36390213.0,8519635.0,12030000000.0,253004109.0,424650000.0,12387557.5,511000.0,37000.0,21070000.0,1004415.78,650000.0,2020-06-20,1349694355.0
856784075.0,36390213.0,8519635.0,12006000000.0,58313071.0,41775000.0,12387557.5,511000.0,37000.0,21070000.0,152023.22,25000.0,2020-06-27,1159665238.0
856784075.0,402104389.0,18087289.0,12006000000.0,85136071.0,297775000.0,12387557.5,4363800.0,109500.0,21070000.0,163862.77,25000.0,2020-07-04,2261312683.0
871116053.0,401317565.0,18893273.0,12006000000.0,54136071.0,297775000.0,16843003.0,4350300.0,114500.0,21070000.0,139862.77,25000.0,2020-07-11,2157036104.0
873260867.0,405857561.0,34085386.0,12005000000.0,141972829.0,297775000.0,16894708.0,4471800.0,251000.0,21070000.0,177902.77,25000.0,2020-07-18,2132976406.0
2330862650.0,405857561.0,72614557.0,12005000000.0,139795483.0,297775000.0,27716208.0,4471800.0,566000.0,21070000.0,152464.19,25000.0,2020-07-25,3684777253.0
1482289617.0,415863339.0,161491019.0,4977696830.222222,211855483.0,729775000.0,15401650.5,4619300.0,1304350.0,5436584.56,1170464.19,9086380.0,2020-08-01,2728649449.0
1483191334.0,412037629.0,148882778.0,4977696830.222222,190932483.0,729775000.0,15431650.5,4507800.0,1192850.0,5436584.56,1167124.64,9086380.0,2020-08-08,2930930275.0
1483191334.0,383220779.0,150302778.0,1104501802.7324271,192147134.0,704775000.0,15431650.5,4159800.0,1205350.0,1685170.6130733858,1207155.84,9086380.0,2020-08-15,2844913228.0
1483191334.0,449756528.0,257227966.0,2592000000.0,188430376.0,704775000.0,15431650.5,5172300.0,2335366.0,4050000.0,1179155.84,9086380.0,2020-08-22,2965624887.0
1483191334.0,449756528.0,207955341.0,2592000000.0,188430376.0,704775000.0,15431650.5,5172300.0,1960366.0,4050000.0,1179155.84,9086380.0,2020-08-29,2904827687.0
1486072228.0,449756528.0,207955341.0,2596000000.0,240120357.0,704775000.0,15994575.8,5172300.0,1960366.0,4050000.0,1219824.68,9086380.0,2020-09-05,3110125148.0
1468162897.0,452915318.0,162698882.0,2596000000.0,68604372.0,256000000.0,15724870.8,5221800.0,1635366.0,4050000.0,266967.72,0.0,2020-09-12,2982914657.0
1468270236.0,387949569.0,59934320.0,4000000.0,66804372.0,256000000.0,15750392.9,4226300.0,544850.0,0.0,209466.27,0.0,2020-09-19,3005595303.0
1468270236.0,387949569.0,59934320.0,4000000.0,89035917.0,256000000.0,15750392.9,4226300.0,544850.0,0.0,212618.27,0.0,2020-09-26,2893747493.0
1468369676.0,387949569.0,110810817.0,9600000.0,1947732127.0,324300000.0,15774412.18,4226300.0,770533.44,0.0,333991.15,140000.0,2020-10-03,3174008923.0
2361783.0,383971951.0,98359273.0,5600000.0,1947361076.0,324300000.0,552466.6752,4161800.0,655183.44,0.0,206143.36,140000.0,2020-10-10,1500179512.0
3535046.0,14147775.0,97167536.0,5600000.0,1947361076.0,68300000.0,567466.6752,265000.0,640183.44,0.0,206143.36,140000.0,2020-10-17,525769061.5
1661622.0,89808870.8888889,56665386.0,5600000.0,1941255495.0,68300000.0,103226.6752,608887.2964900667,277683.44,0.0,215730.36,140000.0,2020-10-24,423708878.6
3923158.0,89808870.8888889,56665386.0,5600000.0,1943367018.0,68300000.0,143445.2752,483172.82210365275,277683.44,0.0,324298.71,140000.0,2020-10-31,431264454.5
3817682.0,89808870.8888889,45193836.0,672236497.9598603,54946218.0,6000000.0,107223.89,379813.80027777783,340197.26,943289.2091488006,216810.07,0.0,2020-11-07,198203116.4
3817682.0,914704.0,71430732.0,3970293379.935782,54946218.0,6000000.0,107223.89,12500.0,704245.94,379813.80027777783,216810.07,0.0,2020-11-14,216334711.1
16689922.0,15024112.0,94671275.0,64000000.0,48946218.0,6000000.0,144953.64,223529.39,1075156.3,0.0,201810.07,0.0,2020-11-21,271878635.5
21872630.0,15024112.0,222990539.0,64000000.0,46456218.0,6000000.0,179953.64,223529.39,2128156.3,0.0,169338.07,0.0,2020-11-28,330764740.1
22607030.0,15753014.0,227616070.0,64000000.0,121846218.0,6000000.0,194203.64,230029.39,2174406.3,0.0,174957.22,0.0,2020-12-05,240155668.0
22505727.0,15753014.0,227616070.0,64000000.0,121846218.0,6000000.0,180883.65,230029.39,2174406.3,0.0,174957.22,0.0,2020-12-12,274287007.8
22505727.0,15753014.0,227616070.0,64000000.0,121846218.0,6000000.0,180883.65,230029.39,2174406.3,0.0,174957.22,0.0,2020-12-19,284714249.3
19070928.0,15753014.0,227616070.0,64000000.0,114476408.0,6000000.0,125665.05,230029.39,2174406.3,0.0,158289.14,0.0,2020-12-26,344994869.2
306565552.0,86869250.0,272676070.0,80000000.0,2407736555.0,15000000.0,2448830.83,731029.59,2534406.3,0.0,1115874.78,0.0,2021-01-02,1535435886.0
300744124.0,72759842.0,434089100.0,16000000.0,3885603215.0,15000000.0,2443781.91,520000.2,2879545.15,0.0,2539305.99,0.0,2021-01-09,1558946568.0
300744124.0,85855305.0,418293065.0,16000000.0,4013603215.0,9000000.0,2443781.91,704920.2,2709347.89,0.0,2659305.99,0.0,2021-01-16,1685056299.0
300744124.0,85126403.0,357707801.0,16000000.0,4013603215.0,9000000.0,2443781.91,698420.2,2259347.89,0.0,2659305.99,0.0,2021-01-23,1584208909.0
300744124.0,85126403.0,357707801.0,16000000.0,4058087722.0,9000000.0,2443781.91,698420.2,2259347.89,0.0,2759313.61,0.0,2021-01-30,1601128655.0
287590304.0,85126403.0,357707801.0,16000000.0,4033744654.0,9000000.0,2367366.86,698420.2,2259347.89,0.0,2647593.26,0.0,2021-02-06,1526861522.0
282077980.0,85126403.0,357707801.0,16000000.0,3129434254.0,9000000.0,2316638.86,698420.2,2259347.89,0.0,2572063.33,0.0,2021-02-13,1591530836.0
23199768.0,72030940.0,332210000.0,89808870.8888889,1975985567.0,9000000.0,819775.74,513500.2,2124347.89,379813.80027777783,2375167.42,0.0,2021-02-20,1272727596.0
24522486.0,73443377.0,126211848.0,89808870.8888889,542260817.0,9000000.0,863275.74,533000.2,930000.0,379813.80027777783,942364.46,0.0,2021-02-27,1237666981.0
5396400.0,31443377.0,54359689.0,8000000.0,532578321.0,9000000.0,120837.96,459500.2,325000.0,0.0,919432.18,0.0,2021-03-06,973238852.0
5396400.0,1412437.0,54359689.0,8000000.0,164077261.0,89808870.8888889,120837.96,19500.0,325000.0,0.0,93122.38,1713014.8048970683,2021-03-13,1522506287.0
3995680.0,1412437.0,54359689.0,8000000.0,92069311.0,89808870.8888889,59201.08,19500.0,325000.0,0.0,88154.4,4964925.086196872,2021-03-20,1559002535.0
3995680.0,89808870.8888889,52107841.0,8000000.0,72069311.0,89808870.8888889,59201.08,379813.80027777783,305000.0,0.0,76404.4,3951525.8629687647,2021-03-27,1447996939.0
7695819.0,89808870.8888889,18027841.0,10000000.0,41802011.0,89808870.8888889,150808.3,379813.80027777783,160000.0,0.0,74175.34,3647326.3729252554,2021-04-03,919696656.8
7695819.0,89808870.8888889,15120000.0,2000000.0,41802011.0,89808870.8888889,150808.3,379813.80027777783,135000.0,0.0,74175.34,1227312.605605286,2021-04-10,330538937.9
7695819.0,2964073.0,15120000.0,2000000.0,41802011.0,89808870.8888889,150808.3,10000.0,135000.0,0.0,74175.34,938580.7710824513,2021-04-17,351071428.6
7695819.0,2964073.0,15120000.0,2000000.0,41802011.0,89808870.8888889,150808.3,10000.0,135000.0,0.0,74175.34,2806988.6073651845,2021-04-24,327793813.7
4654091.0,2964073.0,15120000.0,2000000.0,41802011.0,89808870.8888889,221427.0,10000.0,135000.0,0.0,74175.34,4505833.353924972,2021-05-01,326022261.0
413576.0,2964073.0,89808870.8888889,2000000.0,8200000.0,89808870.8888889,108399.0,10000.0,2495371.1874832776,0.0,9500.0,2321685.4546791753,2021-05-08,311484469.9
413576.0,2964073.0,91386666.48282146,2000000.0,8200000.0,89808870.8888889,108399.0,10000.0,533199.0680913578,0.0,9500.0,379813.80027777783,2021-05-15,239727224.0
